,City,Var,Period,Phase,D-Type,T-Type,Start,End,Winter,Spring,Summer,Fall
0,DENVER,TMIN,33,0,0,1,195210,200502,0.5618284325869015,0.49167446181348967,0.6192033531981359,0.5645033820004398
1,DENVER,TMIN,34,0,0,1,195211,200502,0.6969636345027519,0.6913011510308151,0.6332020629948006,0.7569706524843028
2,DENVER,TMIN,35,0,0,1,195212,200502,0.5981625882148176,0.621196858517932,0.6983935067569386,0.6232438690641627
3,DENVER,TMIN,36,0,0,1,195301,200502,0.6459766877392235,0.6357483329295587,0.6643220066834883,0.6229492149225557
4,DENVER,TMAX,33,0,0,1,195210,200502,0.5860991213806771,0.6206613055590995,0.6576908787297421,0.5613304067857458
5,DENVER,TMAX,34,0,0,1,195211,200502,0.6119741190123061,0.5590725114235656,0.5759197895086778,0.5442463633514599
6,DENVER,TMAX,35,0,0,1,195212,200502,0.5516853703523745,0.5319160291971752,0.6029595615514184,0.5418537909514862
7,DENVER,TMAX,36,0,0,1,195301,200502,0.5617862332198643,0.5432632055983783,0.6153511383084614,0.542022557243299
