,City,Var,Period,Phase,D-Type,T-Type,Start,End,Winter,Spring,Summer,Fall
0,DENVER,TMIN,0,4,0,1,195005,200503,0.9794518057085776,1.3380828655057841,1.7369444213377225,1.838530334799298
1,DENVER,TMIN,1,4,0,1,195006,200503,0.9515190727777808,1.3763859802885374,1.363708937168507,1.6886818065102502
2,DENVER,TMIN,2,4,0,1,195007,200503,0.9133046752804747,1.0325029570987894,1.4073313328674029,1.4928437753931982
3,DENVER,TMAX,0,4,0,1,195005,200503,0.9728148141835969,1.1290811028932606,1.529914021953223,1.5149822535995787
4,DENVER,TMAX,1,4,0,1,195006,200503,0.929431424678237,1.0317746918828583,1.2265897357722964,1.2885289215935367
5,DENVER,TMAX,2,4,0,1,195007,200503,0.8954914701417467,0.9097221532567573,1.1367566459200504,1.1989481537052586
