,City,Var,Period,Phase,D-Type,T-Type,Start,End,Winter,Spring,Summer,Fall
0,DENVER,TMIN,0,4,0,2,200504,201812,1.6151866178059429,1.8028013968254701,2.320744079883058,1.9023430847184273
1,DENVER,TMIN,1,4,0,2,200505,201812,1.7160528327218447,1.358224955229396,1.9459600730869757,2.156815047177053
2,DENVER,TMIN,2,4,0,2,200506,201812,1.7342158193793498,1.2386908179492555,2.4441281018273027,2.0363148031228056
3,DENVER,TMAX,0,4,0,2,200504,201812,1.631505873342216,1.344527976025006,1.7391277225946646,1.1542455768121356
4,DENVER,TMAX,1,4,0,2,200505,201812,1.7303812430185594,1.0129969787207165,1.4732692464711192,1.2528666043148986
5,DENVER,TMAX,2,4,0,2,200506,201812,1.7550673266637284,0.9936505192103245,1.087459831189994,1.2881053664516129
